,Model_name,r2_score(Training),r2_score(Testing),Training Time(Seconds),Prediction Time(Seconds),Mean Absolute Error,Mean Squared Error,Error between 0 and 1 out of 182 test data,Error between 1 and 2 out of 182 test data,Error between 2 and 3 out of 182 test data,Error Greater than 3 out of 182 test data
0,Multiple Linear Regresion,0.5593380244727857,0.6927214445909894,0.0,0.0,0.6025884238468218,0.6216228667633436,152,27,2,1
1,RandomForest Regressor,0.9329000901682576,0.7194120663493232,0.2463982105255127,0.0,0.5477434178460433,0.5676278823394322,157,21,3,1
2,GradientBoosting Regressor,0.8081367968145642,0.6857440516331936,0.07813024520874023,0.0,0.5753207676366863,0.6357380952314875,156,20,5,1
3,CatBoost Regressor,0.9271649623686744,0.7375106917591703,8.837379217147827,0.0010004043579101562,0.5323218584282446,0.5310144603687066,156,20,6,0
4,SupportVector Regressor,0.6237357834514258,0.6984619566634724,0.018003463745117188,0.007001638412475586,0.5595038617207062,0.6100098416811451,151,26,3,2
5,KNeighborsRegressor,0.6830970466270962,0.6673740750854038,0.0010006427764892578,0.0010001659393310547,0.5844615384615385,0.672900459096459,154,23,3,2
