,Model_name,r2_score(Training),r2_score(Testing),Training Time(Seconds),Prediction Time(Seconds),Mean Absolute Error,Mean Squared Error,Error between 0 and 1 out of 182 test data,Error between 1 and 2 out of 182 test data,Error between 2 and 3 out of 182 test data,Error Greater than 3 out of 182 test data
0,Multiple Linear Regresion,0.6274383680643187,0.3965056088473352,0.0020051002502441406,0.0,0.782568257566158,1.2310243011616537,138,30,10,4
1,RandomForest Regressor,0.9430675890850462,0.4855839570136984,0.23436617851257324,0.016167640686035156,0.7052389887374532,1.0493198596494677,141,29,9,3
2,GradientBoosting Regressor,0.843877747903566,0.4840095282975184,0.08962345123291016,0.0010001659393310547,0.7073951398862526,1.0525314222397386,141,28,10,3
3,CatBoost Regressor,0.9405383591407838,0.472162403756506,1.3641941547393799,0.0020093917846679688,0.6955811797780601,1.076697509651122,143,28,8,3
4,SupportVector Regressor,0.6824485905092339,0.4450820931713666,0.016546964645385742,0.006754398345947266,0.7317647252013647,1.1319366649805354,135,32,12,3
5,KNeighborsRegressor,0.7277548966343136,0.3633482274487262,0.0018393993377685547,0.0027496814727783203,0.769055860805861,1.298659631105006,137,29,12,4
