,Model_name,r2_score(Training),r2_score(Testing),Training Time(Seconds),Prediction Time(Seconds),Mean Absolute Error,Mean Squared Error,Error between 0 and 1 out of 182 test data,Error between 1 and 2 out of 182 test data,Error between 2 and 3 out of 182 test data,Error Greater than 3 out of 182 test data
0,Multiple Linear Regresion,0.58661815101664,0.5289114928609845,0.011530399322509766,0.0,0.7235989469003459,0.9905652150775204,104,29,4,2
1,RandomForest Regressor,0.9448950812132579,0.5107836278679132,0.5298242568969727,0.048132896423339844,0.7399007194244609,1.028682961984173,105,23,9,2
2,GradientBoosting Regressor,0.8570374262402378,0.4799181650340787,0.23577308654785156,0.0,0.738907668819571,1.093584256257188,107,22,5,5
3,CatBoost Regressor,0.9567655822300426,0.5001817246109963,3.064491033554077,0.015644311904907227,0.7278474649867328,1.0509757507505524,105,25,7,2
4,SupportVector Regressor,0.6440352699089159,0.5655036200815354,0.015900135040283203,0.015631675720214844,0.6551165321854437,0.9136223735072573,108,23,5,3
