,Model_name,r2_score(Training),r2_score(Testing),Training Time(Seconds),Prediction Time(Seconds),Mean Absolute Error,Mean Squared Error,Error between 0 and 1 out of 182 test data,Error between 1 and 2 out of 182 test data,Error between 2 and 3 out of 182 test data,Error Greater than 3 out of 182 test data
0,Multiple Linear Regresion,0.585019289,0.585146698,0.005807877,0.001068115,0.722794277,0.9050769,144,29,8,1
1,RandomForest Regressor,0.935015163,0.636497503,0.634495974,0.021945715,0.660178504,0.793045906,144,31,6,1
2,GradientBoosting Regressor,0.831403624,0.631014751,0.208621025,0,0.671043133,0.805007513,143,32,6,1
3,CatBoost Regressor,0.938838781,0.63905034,2.827633619,0,0.65845756,0.787476434,141,32,8,1
4,SupportVector Regressor,0.644324614,0.631801212,0.035130024,0.013052225,0.663574852,0.803291707,148,25,8,1
5,KNeighborsRegressor,0.707704469,0.573090515,0,0,0.697932234,0.931379625,139,34,6,3
