,Model_name,r2_score(Training),r2_score(Testing),Training Time(Seconds),Prediction Time(Seconds),Mean Absolute Error,Mean Squared Error,Error between 0 and 1 out of 182 test data,Error between 1 and 2 out of 182 test data,Error between 2 and 3 out of 182 test data,Error Greater than 3 out of 182 test data
0,Multiple Linear Regresion,0.552639334323583,0.6443196443253344,0.0,0.0,0.7283593721807615,1.038613949541637,108,21,7,3
1,RandomForest Regressor,0.9387021205738767,0.6050879556803238,0.4467475414276123,0.04690265655517578,0.7681312949640289,1.1531734927964028,102,24,11,2
2,GradientBoosting Regressor,0.8186991115072655,0.6235508963393828,0.20656991004943848,0.0,0.7365376685274215,1.0992602883921707,102,27,9,1
3,CatBoost Regressor,0.9486576503421799,0.6157750913001829,2.8470230102539062,0.00901937484741211,0.7498361919178778,1.1219662361730376,103,24,10,2
4,SupportVector Regressor,0.6280345749805358,0.5958979608592012,0.021653413772583008,0.004025936126708984,0.7453163970776291,1.1800089833292673,103,25,8,3
